,Tracking Error (%),Tracking Error (%),Tracking Error (%),Tracking Error (%),Beta,Beta,Beta,Beta,Correlation,Correlation,Correlation,Correlation,Info Ratio,Info Ratio,Info Ratio,Info Ratio,Max DD (%),Max DD (%),Max DD (%),Max DD (%)
,mean,std,min,max,mean,std,min,max,mean,std,min,max,mean,std,min,max,mean,std,min,max
Strategy,,,,,,,,,,,,,,,,,,,,
Clone,10.1835,2.2241220115412337,6.707,12.935,0.67713,0.12790383583857923,0.4882,0.9069,0.77491,0.07875481572577009,0.6717,0.905,-0.35764999999999997,0.7294687492354359,-1.5929,0.4915,-13.389,9.456174291023945,-37.78,-6.69
SP_mirror,9.6739,3.288928209412097,5.812,16.863,1.1007500000000001,0.15971485876746444,0.8431,1.3479,0.8857099999999999,0.04255627516072755,0.8246,0.9485,-0.06938000000000002,0.6196401622447231,-0.9592,0.8254,-19.575,12.87828943955248,-50.29,-8.52
